resourcename,capacity,pval,samples,minelcc,maxelcc,zoneEUE,zoneLOLE
LA-GULFDistributedSolar,100,0.2,100000,98,100,4525.161280000005,10.908370000000003
LA-NDistributedSolar,100,0.2,100000,0,100,0.0018100000000000021,2.0000000000000012e-5
