resourcename,capacity,pval,samples,minelcc,maxelcc,zoneEUE,zoneLOLE
LA-GULFUtilitySolar,100,0.2,1000000,21,22,938.7104900000011,2.6369450000000123
LA-NUtilitySolar,100,0.2,1000000,0,100,0.0019410000000000083,4.9999999999999996e-6
