resourcename,capacity,pval,samples,minelcc,maxelcc,zoneEUE,zoneLOLE
LA-GULFUtilitySolar,100,0.2,1000000,26,27,26083.34754899996,33.31626700000005
LA-NUtilitySolar,100,0.2,1000000,0,100,3.791684999999998,0.011825999999999996
