resourcename,capacity,pval,samples,minelcc,maxelcc,zoneEUE,zoneLOLE
LA-GULFUtilitySolar,100,0.2,1000000,11,12,73.46817099999987,0.32285299999999933
LA-NUtilitySolar,100,0.2,1000000,0,100,0.011599999999999965,5.8999999999999815e-5
