resourcename,capacity,pval,samples,minelcc,maxelcc,zoneEUE,zoneLOLE
LA-GULFUtilitySolar,100,0.2,1000000,17,18,1086.9841199999994,2.6493379999999966
LA-NUtilitySolar,100,0.2,1000000,93,100,3.6532450000000214,0.011271000000000017
