resourcename,capacity,energy,pval,samples,minelcc,maxelcc,ZoneEUE,ZoneLOLE
LA-GULF6hour,100,600,0.2,1000000,64,65,1020.2814150000042,2.882813000000006
LA-N6hour,100,600,0.2,1000000,63,64,0.0,0.0
