resourcename,capacity,energy,pval,samples,minelcc,maxelcc,ZoneEUE,ZoneLOLE
LA-GULF6hour,100,600,0.2,1000000,98,100,10.94721700000004,0.0671470000000001
LA-N6hour,100,600,0.2,1000000,98,100,0.0,0.0
