resourcename,capacity,energy,pval,samples,minelcc,maxelcc,ZoneEUE,ZoneLOLE
LA-GULF6hour,100,600,0.2,1000000,87,100,0.0016639999999999953,3.2000000000000026e-5
LA-N6hour,100,600,0.2,1000000,87,100,0.0,0.0
