resourcename,capacity,energy,pval,samples,minelcc,maxelcc,ZoneEUE,ZoneLOLE
LA-GULF6hour,100,600,0.2,1000000,98,100,1.6942470000000007,0.013693000000000007
LA-N6hour,100,600,0.2,1000000,98,100,0.0009220000000000008,4.000000000000026e-6
