resourcename,capacity,energy,pval,samples,minelcc,maxelcc,ZoneEUE,ZoneLOLE
AECIZ6hour,500,3000,0.2,1000,38,42,2.1823222896e7,8760.0
ATC6hour,500,3000,0.2,1000,437,500,313253.36600000004,135.307
CBPC-NIPCO6hour,500,3000,0.2,1000,62,69,1.2469720690000004e6,2624.555
CONS6hour,500,3000,0.2,1000,109,117,3.362362001e6,1474.2240000000002
DECO6hour,500,3000,0.2,1000,0,500,12390.983,8.057000000000002
EES-ARK6hour,500,3000,0.2,1000,0,500,12060.58,9.790000000000001
EES-TX6hour,500,3000,0.2,1000,58,62,3.0953621330000004e6,3361.6340000000005
IA-E6hour,500,3000,0.2,1000,156,171,1.8679109019999998e6,926.7529999999999
IL-C6hour,500,3000,0.2,1000,437,500,297053.786,136.47199999999998
IN-C6hour,500,3000,0.2,1000,0,500,1.5030000000000001,0.0030000000000000005
IN-S6hour,500,3000,0.2,1000,0,500,0.0,0.0
LA-GULF6hour,500,3000,0.2,1000,27,31,1.3861588992000002e7,7994.192000000001
LA-N6hour,500,3000,0.2,1000,468,500,222646.58000000002,164.12099999999998
MEC6hour,500,3000,0.2,1000,140,156,2.8567084220000003e6,904.9889999999998
MISO-MO6hour,500,3000,0.2,1000,69,77,5.417964124e6,2715.1639999999998
MISO-MS6hour,500,3000,0.2,1000,54,58,4.58789888e6,4140.001
MN-C6hour,500,3000,0.2,1000,312,327,176404.749,216.28100000000003
MN-NE6hour,500,3000,0.2,1000,468,500,7086.143,17.111
MN-SE6hour,500,3000,0.2,1000,281,312,664896.444,237.69600000000003
NIPS6hour,500,3000,0.2,1000,0,500,475.034,1.2659999999999998
SIPC6hour,500,3000,0.2,1000,284,288,106.36200000000002,2.243
UPPC6hour,500,3000,0.2,1000,31,34,750928.588,8573.317000000001
