resourcename,capacity,energy,pval,samples,minelcc,maxelcc,ZoneEUE,ZoneLOLE
LA-GULF6hour,100,600,0.05,10000,87,100,1197.8468000000003,3.141800000000001
LA-N6hour,100,600,0.05,10000,87,100,0.0,0.0
