resourcename,capacity,energy,pval,samples,minelcc,maxelcc,ZoneEUE,ZoneLOLE
LA-GULF6hour,100,600,0.2,1000000,84,85,227.6330999999994,0.8724609999999974
LA-N6hour,100,600,0.2,1000000,85,86,0.0,0.0
