resourcename,capacity,energy,pval,samples,minelcc,maxelcc,ZoneEUE,ZoneLOLE
LA-GULF6hour,100,600,0.2,1000000,90,91,165.57574899999992,0.6678290000000007
LA-N6hour,100,600,0.2,1000000,90,91,0.0,0.0
