resourcename,capacity,energy,pval,samples,minelcc,maxelcc,ZoneEUE,ZoneLOLE
LA-GULF6hour,100,600,0.2,1000000,87,100,0.007824000000000051,0.00012100000000000019
LA-N6hour,100,600,0.2,1000000,87,100,0.0,0.0
