resourcename,capacity,energy,pval,samples,minelcc,maxelcc,ZoneEUE,ZoneLOLE
LA-GULF6hour,100,600,0.2,1000000,96,100,0.24848199999999976,0.002757999999999997
LA-N6hour,100,600,0.2,1000000,96,100,0.0,0.0
